Name,Gender
Ashutosh,Male
Meghamala,Female
Sahib,Male
Pragya,Female
Kranti,Female
Tulika,Female
Aarushi,Female
Abhicandra,Male
Pratigya,Female
Devak,Male
Kashiprasad,Male
Madhavi,Female
Charusila,Female
Chithayu,Male
Manmayi,Female
Mahajabeen,Female
Krishnakumar,Male
Kailas,Male
Nidhyathi,Female
Nainika,Female
Madirakshi,Female
Adil,Male
Devadyumna,Male
Harijatha,Female
Rupal,Female
Eka,Female
Ilampirai,Female
Soham,Male
Acalapati,Male
Naveen,Male
Jalendu,Male
Shrivalli,Female
Wajeeh,Male
Kumar,Male
Sudhan,Male
Ilanthirayan,Male
Agneya,Male
Oma,Female
Kali,Female
Ajaatshatru,Male
Rishabh,Male
Hariraj,Male
Abhay,Male
Gudiya,Female
Neelabja,Female
Punit,Male
Soumil,Male
Sarbani,Female
Sharvani,Female
Tripuri,Female
Punita,Male
Shandar,Male
Naisha,Female
Danvir,Male
Suday,Male
Sonika,Female
Mrudu,Female
Ramavatar,Male
Puji,Female
Radhakrishna,Male
Jaspal,Male
Dhruv,Male
Ketan,Male
Prama,Female
Mannan,Male
Kunjabihari,Male
Chitrarath,Male
Ranjini,Female
Tarika,Female
Thirumal,Male
Muralidhar,Male
Muhilan,Male
Adrika,Female
Arghya,Male
Tarak,Male
Suhrit,Male
Sunetra,Female
Jehangir,Male
Anshu,Male
Chakrika,Female
Harmya,Female
Sarjana,Female
Khushboo,Female
Ambalika,Female
Rashmika,Female
Ayeh,Female
Dasharath,Male
Jagachandra,Male
Irshaad,Male
Ritu,Female
Subramani,Male
Charvi,Female
Purushottam,Male
Nithilam,Female
Vedavrata,Male
Jagadayu,Male
Durga,Female
Ekalavya,Male
Dyumna,Female
Sampriti,Female
Chitrarekha,Female
Pari,Female
Rajashri,Female
Kushik,Male
Chumban,Female
Ankush,Male
Sunayani,Female
Deshna,Female
Tanuja,Female
Nauka,Female
Tarunika,Female
Kalash,Male
Krishi,Female
Shrikirti,Female
Kartikeya,Male
Bulbul,Female
Lingappan,Male
Adhik,Male
Saranya,Female
Rambha,Female
Anumati,Female
Sanjiv,Male
Umrao,Female
Baidehi,Female
Aadarsh,Male
Ganjan,Male
Devadarshan,Male
Kalyani,Female
Malaya,Male
Ganesh,Male
Farha,Female
Adesh,Male
Pritika,Female
Alagan,Male
Shridevi,Female
Deepinder,Male
Gunitha,Female
Chanchari,Female
Shabab,Female
Adya,Female
Prapti,Female
Nagasri,Female
Gandharaj,Male
Kilimoli,Female
Yatisa,Male
Sujata,Female
Prasana,Female
Kovida,Male
Chandani,Female
Sabhya,Male
Archita,Female
Sarwar,Male
Madhukar,Male
Ramswaroop,Male
Uday,Male
"Farukh, Farokh",Male
Angana,Female
Kamitha,Female
Brijabala,Female
Lalita,Female
Vanca,Female
Gambheer,Male
Anhithi,Female
Mehul,Female
Vijeta,Female
Prashansa,Female
Vanajaksi,Female
Chandrakin,Female
Kshiti,Female
Sanemi,Female
Swadhinta,Female
Mrigankamouli,Male
Sneha,Female
Kimaya,Female
Teertha,Female
Amar,Male
Kala,Female
Priya,Male
Abja,Female
Niharika,Female
Seemanti,Female
Kalyan,Male
Nikhat,Male
Rajanikanta,Male
Namacharya,Male
Giridari,Male
Jag,Male
Bibek,Male
Chatura,Female
Trailokva,Male
Naresh,Male
Acchindra,Male
Fajyaz,Female
Labuki,Female
Nalika,Female
Ahijit,Male
Parvani,Female
Ramratan,Male
Navrang,Male
Krishnakanta,Male
Kriya,Female
Javed,Male
Dehabhuj,Male
Ekanjeet,Male
Kanwaljeet,Male
Mitravinda,Female
Shaistakhan,Male
Sarani,Female
Iravan,Male
Sudhir,Male
Utanka,Male
Nipuna,Female
Dhitha,Female
Madhu,Male
Nina,Female
Rabhya,Female
Jalbhushan,Male
Madangopal,Male
Avinash,Male
Nirupam,Male
Vishwanath,Male
Amitrasudan,Male
Jnanaprakash,Male
Sunasi,Male
Avnita,Female
Shubhranshu,Male
Laksh,Male
Lalitkishore,Male
Chayana,Female
Nirvani,Female
Kshanika,Female
Sanvali,Female
Tanay,Male
Nibodh,Male
Kokila,Female
Chitramaya,Female
Elil,Male
Suneet,Male
Srijan,Male
Chirag,Male
Chitrita,Female
Vineet,Male
Harish,Male
Githika,Female
Aditi,Female
Kanal,Male
Ishat,Male
Ecchumati,Female
Panna,Female
Brahmacharini,Female
Iham,Male
Mehmood,Male
Seemantini,Female
Shoorsen,Male
Tirthankara,Male
Bhupathi,Male
Inbanathan,Male
Elili,Female
Haroon,Male
Kalavathi,Female
Abdul-Hameed,Male
Charita,Female
Kotijit,Male
Susmita,Female
Brinda,Female
Daaruk,Male
Nilay,Male
Shree,Female
Mudra,Female
Gulab,Female
Swaraj,Male
Sumati,Female
Edhitha,Female
Ambuja,Female
Shanti,Female
Mehboob,Male
Shashanka,Male
Apparajito,Male
Sharvari,Female
Tridhara,Female
Bhadra,Female
Vendan,Male
Yashoda,Female
Hridik,Male
Manav,Male
Rugu,Female
Padmesh,Male
Vikranta,Male
Nanak,Male
Indivar,Male
Rangana,Female
Bahuputri,Female
Kumari,Female
Amulya,Male
Bijli,Female
Shirin,Female
Kananbala,Female
Tunga,Female
Chevatkodiyon,Male
Thamarai,Female
Tapani,Female
Neel,Male
Mukti,Female
Isha,Female
Rampratap,Male
Nitya,Female
Jagamohana,Male
Tukaram,Male
Pururava,Male
Jasapal,Male
Archan,Male
Priyal,Female
Jaidhara,Male
Taral,Male
Veera,Male
Chandraleksha,Female
Savanth,Male
Jaisinha,Male
Ekatan,Male
Narun,Male
Udyam,Male
Mareechi,Male
Pramada,Female
Angad,Male
Sudhithi,Female
Irumporai,Male
Balgopal,Male
Menitha,Female
Aiman,Male
Gyan; Gyani,Male
Prathysha,Female
Jusal,Male
Nimisha,Female
Shyam,Male
Shubhang,Male
Sanjith,Male
Jyotirmoyee,Female
Hiranyadha,Female
Logambal,Female
Tariq,Male
Ziyad,Male
Shubhendu,Male
Shrenik,Male
Samiya,Female
Ramprasad,Male
Aravan,Male
Chahna,Female
Daniel,Male
Jalindra,Male
Mandana,Female
Dwij,Male
Govardhan,Male
Magadhi,Female
Monisha,Female
"Shamshu, Shamshad",Male
Kripa,Female
Sanjivani,Female
Gauri,Female
Mohnish,Male
Parameshwari,Female
Shubhra,Female
Gatita,Female
Akhilesh,Male
Manju,Female
"Atul, Atulya",Male
Haraksa,Male
Harshavardhan,Male
Dayasagara,Male
Kunran,Male
Yaalchelvan,Male
Raivath,Male
Sabri,Female
Saroj,Female
Haripriya,Female
Acaryanandana,Male
Noopur,Female
Charu,Male
Samudrasen,Male
Ramkumar,Male
Bageshri,Female
Sarit,Female
"Sumeet, Sumit",Male
Akhil,Male
Dilber,Female
Mekhala,Female
Tapomay,Male
Harekrishna,Male
Avani,Female
Atal,Male
Sumedha,Female
Shalin,Female
Nehal,Female
Sati,Female
Sananda,Female
Ikshu,Female
Kush,Male
Keyuri,Female
Chaitanya,Female
Kunshi,Female
Parnik,Female
Shrinath,Male
Javesh,Male
Kalpana,Female
Zayd,Male
Sawan,Male
Ikshitha,Female
Husnain,Male
Qayyam,Male
Aghat,Male
Aaratrika,Female
Amari,Female
Namrata,Female
Vyomaang,Male
Shubhankar,Male
Hemadri,Male
Rupak,Male
Chandramukhi,Female
Sadhya,Female
Meera,Female
Maaran,Male
Chandrani,Female
Jairaj,Male
Nagendra,Male
Satyaki,Male
"Gopi, Gopika",Female
Acalesvara,Male
Akshit,Male
Aadarshini,Female
Trinetra,Female
Iravati,Female
Agnikumara,Male
Shreyas,Male
Dhairyash,Male
Jacob,Male
Shakyasinha,Male
Chanasya,Female
Mananya,Female
Deepali,Female
Nyneishia,Female
Amrusha,Female
Pakhi,Female
Jahan,Male
Kaviraj,Male
Achyut,Male
Dishen,Male
Fadi,Male
Sakina,Female
Palanikumar,Male
Izna,Female
Romila,Female
Sachet,Male
Yamini,Female
Saleem,Male
Omanand,Male
Ramila,Female
Aabharana,Female
Kaustav,Male
Bhayanashini,Female
Varuna,Female
Tuhinsurra,Male
Harita,Female
Sundaravel,Male
Nimita,Female
Keemaya,Female
Meenakshi,Female
Bhagavathi,Female
Punthali,Female
Treya,Female
Vyomdev,Male
Minnoli,Female
Netravati,Female
"Asit, Ashit",Male
Ganitha,Female
Priyamvada,Female
Mohak,Male
Sivanta,Male
Rajeev,Male
Banhi,Female
Abhirathi,Female
Hari,Male
Sumanta,Male
Paandu,Male
Kalapini,Female
Mitra,Male
Saujanya,Female
Palak,Female
Rajalakshmi,Female
Devnarayan,Male
Urja,Female
Ishanika,Female
Paranjay,Male
Ilamurugu,Male
Denise,Male
Manaka,Female
Arivunambi,Male
Parnal,Female
Meghashyam,Male
Udantika,Female
Tamasa,Female
Saanjh,Female
"Lav, Luv",Male
Vrinda,Female
Abdul-Jabaar,Male
Unnat,Male
Bharat,Male
Rijuta,Female
Yogendra,Male
Giridhar,Male
Kajal,Female
Adwaita,Male
Induja,Female
Sutanuka,Female
Jaigath,Male
Ekantha,Female
Raviprabha,Female
Indradutt,Male
Mahati,Female
Manisila,Female
Dakshina,Male
Madhup,Male
Lajja,Female
Kanak,Male
Chellam,Female
Shrigauri,Female
Maahir,Male
Dayanita,Female
Suren,Male
Tamra,Male
Ajaat,Male
Mangesh,Male
Patala,Female
Rwiju,Male
Neela,Female
Shyamala,Female
Ira,Female
Ushakanta,Male
Rina,Female
Habib,Male
Sravanthi,Female
Laabh,Male
Pratibha,Female
Sohail,Male
Bahubali,Male
Abhinatha,Male
Manayi,Female
Indrajeet,Male
Hemani,Female
Kamini,Female
Abhidhya,Female
Ahilya,Female
Nedumaan,Male
Suhrid,Male
Jeemutbahan,Male
Sushama,Female
Bhumi,Male
Geeta,Female
Basabi,Female
Deviprasad,Male
Oojam,Male
Bashir,Male
Hassan,Male
Harsh; Haarsha,Male
Rajesh,Male
Ranjiv,Male
Shakti,Male
Sulakshana,Female
"Vighnesh, Vignesh",Male
Udayasooriyan,Male
Jeevitha,Female
Ariktha,Female
Mandarmalika,Female
Jhoomer,Male
Ihit,Male
Manoritha,Female
Vidula,Female
Bhaskar,Male
Bhanuja,Female
Madhuparna,Female
Nirmitha,Female
Dayada,Male
Eshita,Female
Aastha,Female
Heramba,Male
Karabi,Female
Pralay,Male
Virabhadra,Male
Kaushik,Male
Suryakanti,Female
Samita,Female
Dandapaani,Male
Shaurav,Male
Jhilmil,Female
Prabhati,Female
Anirvan,Male
Radha,Female
Ravindra Svarup,Male
Mrinal,Female
Iraja,Female
Vikas,Male
Vardhana,Male
Vallabhesvara,Male
Sudeepta,Female
Sandananda,Male
Mukta,Female
Chiman,Male
Guru,Male
Zarir,Male
Geet,Male
Suraj,Male
Rasesh,Male
Rustom,Male
Tanya,Female
Baldev,Male
Tribhuvaneshwari,Female
Stuti,Female
Tarjani,Female
Abdul-Ghafoor,Male
Shankar,Male
Elilarasu,Male
Kaliranjan,Male
Pratap,Male
Rajanigandha,Female
Doyel,Female
Dharmendu,Male
Guna,Female
Dhvanya,Male
Suchira,Female
Aruni,Male
Bratati,Female
Daiwik,Male
"Keshori, Ketaki",Female
Purala,Female
Deependu,Male
Jwalia,Male
Lydia,Female
Makur,Male
Gulfam,Male
Kadambari,Female
Sumitra,Female
Murari,Male
Shorashi,Female
Kruti,Female
Bandhananashini,Female
Katyayani,Female
Himaghna,Male
Abhyudita,Male
Supriti,Female
Savitashri,Female
Utsav,Male
Tufan,Male
Deeptikana,Female
Chanda,Female
Sadhan,Male
Datta,Male
Mihika,Female
Sugita,Female
Rushil,Male
Snehal,Female
Satish,Male
Sendhil,Male
Somnath,Male
Bhanu,Male
Mehrunissa,Female
Hindola,Female
Taarank,Male
Devya,Female
Subhang,Male
Gaganasindhu,Female
Amanda,Male
Tripurasundari,Female
Tridib,Male
Lekh,Male
Paramesh,Male
Varana,Female
Shankari,Female
Jui,Female
Vandana,Female
Aaliya,Female
Hastin,Male
Ranga,Male
Sagar,Male
Chitrasen,Male
Tapasi,Female
Siya,Female
Faiz,Male
Ori,Male
Hasrat,Female
Greeshma,Female
Latika,Female
Tarani,Female
Mahabala,Male
Daha,Male
Prajesh,Male
Thulasi,Female
Champakavathi,Female
Ipsa,Female
Abhilash,Male
Kalpa,Male
Chadna,Female
Vatsal,Male
Omarjeet,Male
Sudhamay,Male
Shakambari,Female
Shirish,Male
Udita,Female
Ihina,Female
Hiral,Female
Dakshina,Female
Nigam,Male
Mandar,Male
Sevita,Female
Hemlata,Female
Pari,Male
Isar,Male
Kundan,Male
Manibhushan,Male
Anadi,Male
Laghuvi,Female
Ahsan,Male
Saloni,Female
Shaila,Female
Cheliyan,Male
Khemprakash,Male
Makshi,Female
Riya,Female
Sabrang,Male
Madhushri,Female
Akshay,Male
Vishwambhar,Male
Suhina,Female
Ajanta,Female
Asita,Female
Danta,Male
Shabnum,Female
Mithi,Female
Kanan,Female
Manas,Male
Shukti,Female
Anuttam,Male
"Ananga, Anang",Male
Krandasi,Female
Arumugan,Male
Nipun,Male
Abjit,Male
Abdul-Azeez,Male
Shekhar,Male
Shaheena,Female
Nimai,Male
Ganika,Female
Kumud,Female
"Ganga, Gangotri",Female
Namuchi,Female
Sinsapa,Female
Eelampirai,Female
Ravi,Male
Utsavi,Female
Mahith,Male
Prateep,Male
Dayakar,Male
Sahil,Male
Shiv,Male
Prateet,Male
Harshini,Female
Ekaling,Male
"Shatrughna, Shatrughan",Male
Jatan,Male
Soman,Male
Sinha,Male
Phoolan,Female
"Rajarshi, Rajrishi",Male
Sanyog,Male
Bharani,Female
Ziya,Male
Kahini,Female
Jaigopal,Male
Lohita,Female
Desiha,Female
Bahulika,Female
Tamali,Female
Janya,Male
Kishmish,Female
Saroja,Female
Sutra,Female
Elilarasan,Male
Samarjit,Male
Madhu,Female
Zarna,Female
Iraiyavan,Male
Radheshyam,Male
Raakhi,Female
Neelesh,Male
Kanhaiya,Male
Mukut,Male
Shrilata,Female
Balakrishna,Male
Neeladri,Male
Shwetika,Female
Naval,Male
Ashraf,Male
Nikhilesh,Male
Dhanvi,Female
Noshi,Female
Leela,Female
Jowaki,Female
Udayan,Male
Yuval,Male
Viresh,Male
Kanan,Male
Pundarik,Male
Azhar,Male
Nedumaran,Male
Latikara,Female
Aninditha,Female
Lavali,Female
Sudhakar,Male
Swarnika,Female
Gunalakshmi,Female
Rajit,Male
Anupama,Female
Bindu,Female
Prabhakar,Male
Aafreen,Male
Avni,Female
"Sajni, Sajani",Female
Surina,Female
Maniram,Male
Kunti,Female
Shrikrishna,Male
Sachika,Female
Amir,Male
Ekaja,Female
Omesh,Male
Harendra,Male
Sarvadaman,Male
Suvarna,Female
Maari,Male
Banbihari,Male
Vijay,Male
Ranganath,Male
Tvesa,Female
Meher,Female
Gyandev,Male
Randhir,Male
Sanwariya,Male
Pranavi,Female
Gurveer,Male
Sikata,Female
Dandak,Male
Malaya,Female
Lajwanti,Female
Jaidayal,Male
Elilvendan,Male
Ajinkya,Male
Kavini,Female
Rishi,Male
Satyendra,Male
Tanmaya,Female
Faarooq,Male
Aparijita,Female
Foolmala,Female
Padmalochana,Female
Smarajit,Male
Ihitha,Female
Vilokan,Male
Abdul-Jaleel,Male
Taanusiya,Female
Vamana,Male
Farida,Female
Samskara,Female
Shishupal,Male
Haadiya,Male
Sahitha,Female
Yaalmani,Male
Shirshirchandra,Male
Ganendra,Male
Sanabhi,Male
Manika,Female
Sankari,Female
Sanjukta,Female
Chintya,Male
Kapardini,Female
Pivari,Female
Mohal,Male
Varun,Male
Jayanta,Male
Pratiti,Female
Satyasheel,Male
"Falguni, Phalguni",Male
Bakula,Female
Gaura,Female
Imaran,Male
Dinapati,Male
Laavanya,Male
Kandan,Male
Utsa,Female
Eka,Male
Upala,Female
Tapati,Female
Sayam,Male
Mahasweta,Female
Bilva,Male
Mandira,Female
Badrinath,Male
Acira,Female
Shreshta,Male
Tarpan,Male
Vaijnath,Male
Barsha,Female
Pravin,Male
Ayush,Male
Benazir,Female
Salila,Female
Devabrata,Male
Vidyut,Male
Somalakshmi,Female
Prasheila,Female
Vihanga,Male
Dwaraka-daas,Male
Zev,Male
Tripti,Female
Heer,Male
Shyamal,Female
Uttam,Male
Talat,Male
Rajas,Male
Maitreyi,Female
Ekagrah,Male
Ibraheem,Male
Ekana,Male
Devansh,Male
Aanadi,Female
Pragun,Male
Tarit,Male
Upama,Female
Nikunja,Male
Aachman,Male
Gunwanti,Female
Sandhaya,Female
Wajidali,Male
Tamarai,Female
Nachiketa,Male
Chandranath,Male
DuraiMurugan,Male
Sahana,Female
Pandhari,Male
Anusri,Female
Sarfaraz,Male
Swapnasundari,Female
Ameya,Male
Ishita,Female
Amrapali,Female
Aleem,Male
Kaartikeya,Male
Surekha,Female
Subodh,Male
Iyyappan,Male
Siraj,Male
Bina,Female
Vaikunth,Male
Vijul,Female
Rashi,Female
Vennela,Female
Nilavoli,Female
Thirumalai,Male
Baha Udeen,Male
Chakradhar,Male
Akalmash,Male
Seemanta,Male
Anjana,Female
Sarojini,Female
Divya,Female
Kamalesh,Male
Vimal,Male
Palanimurugan,Male
Deeptimoy,Male
Haimavati,Female
Mahaj,Male
Kulavardhini,Female
Samidha,Female
Ratnamala,Female
Kuber,Male
Baanke Bihaari,Male
Qasim,Male
Praval,Male
Ainesh,Male
Anju,Female
Bhagaditya,Male
Piyali,Female
Teerthankar,Male
Devdutta,Male
Rebanta,Male
Neeharika,Female
Bhoomika,Female
Ghanashyam,Male
Garati,Female
Hiranya,Female
Sinchana,Female
Umed,Male
Namdev,Male
Nuti,Female
Raksha,Female
Naasih,Male
Sanjula,Female
Nityapriya,Female
Gaurika,Female
Dheeran,Male
Evyavan,Male
Rajhans,Female
Dhevaneyan,Male
Pannalal,Male
Janith,Male
Srinivas,Male
Markandeya,Female
Ratnakar,Male
Khalid,Male
Uma,Female
Tarakeshwar,Male
Himadri,Male
Sundar,Male
Sunaya,Female
Manorama,Female
Nazima,Female
Nagarjun,Male
Shrigeeta,Female
Ayati,Female
Apala,Female
Kapila,Female
Tamal,Male
"Arun, Aroon",Male
Unnati,Female
Shantala,Female
Ashritha,Female
Deepamala,Female
Yahvi,Female
Poojan,Male
Ketana,Female
Prahlad,Male
Dilip,Male
Orion,Male
Prayag,Male
Adhira,Female
Ikshu,Male
Farzana,Female
Gnanamangala,Female
Sushrut,Male
Ibhanan,Male
Oorjit,Male
Moksha,Female
Ryna,Male
Kamadha,Female
Shaunak,Male
Aranam,Female
Zahir,Male
Vyomakesh,Male
Abhimoda,Male
Sohan,Male
Nand,Male
Rathin,Male
Sutej,Male
Hemamdar,Male
Latangi,Female
Umrao,Male
Vasuki,Female
Thiruvoli,Male
Viplab,Male
Varindra,Male
Chaaya,Female
Oindrila,Female
Mansukh,Male
Harini,Female
Lalana,Female
Basudha,Male
Zeena,Female
Ankitha,Female
Sarbajit,Male
Farhad,Male
Purnendu,Male
Sugreev,Male
Jignesh,Male
Sarang,Male
Shabalini,Female
Vallari,Female
Rana,Male
Musheer,Male
Bhairav,Male
Pinga,Female
Kasturi,Female
Juhi,Female
"Falguni, Phalguni",Female
Timila,Female
Gaganadipika,Female
Neeraja,Female
Rohit,Male
Utkarsha,Female
Shivanne,Female
Zakir,Male
Chandrodaya,Male
Sarama,Female
Pujita,Female
Deepitha,Female
Hemavati,Female
Daksha,Female
Himani,Female
Mriganka,Male
Ranjana,Female
Madur,Male
Zerelda,Female
Ranjudeep,Female
Champakali,Female
Gnanamalar,Female
Sanobar,Male
Guruttam,Male
Gaurav,Male
Lalima,Female
Anandalakshmi,Female
Wafiya,Female
Bandhula,Female
Shaili,Female
Yasmeen,Female
Omswaroop,Male
Kushala,Female
Jivika,Female
Tamas,Male
Udichi,Female
Mrinalini,Female
Manjari,Female
Ajitesh,Male
Padmaroopa,Female
Rajeshri,Female
Rituraj,Male
Radhani,Female
Chakrapani,Male
Suruchi,Female
Harshit,Male
Hasna,Female
Khemchand,Male
Ina,Female
Eshanya,Female
Payal,Female
Samit,Female
Mahijith,Male
Patralika,Male
Devakanya,Female
Kanika,Female
Yoosuf,Male
Viraj,Male
Jyotirmoy,Male
Omkareshwari,Female
Sapan,Male
Manindra,Male
Bandhura,Female
Kishorekumar,Male
Rupali,Female
Aparna,Female
Ranjika,Female
Karunamay,Male
Aalia,Female
Riddhiman,Male
Nityasree,Female
Sulochana,Female
Malini,Female
Grhitha,Female
Shrihari,Male
Ulupi,Female
Jyestha,Male
Maheepati,Male
Suvarnaprabha,Female
Elavarasi,Female
Kalki,Male
Yamuna,Female
Lekha,Female
Kaandhal,Female
Maniya,Female
Tarunima,Female
Parikshit,Male
Hoor,Female
Neelmadhav,Male
Natesh,Male
Kadambini,Female
Alamgir,Male
Raka,Female
Shripal,Male
Bhanudas,Male
Sudhamayi,Female
Pran,Male
Mritsa,Female
Kunal,Male
Aadidev,Male
Pachaimani,Male
Milap,Male
Arushi,Female
Elumalai,Male
Kajjali,Female
Vedvalli,Female
Brahmadutt,Male
Nachni,Female
Firdaus,Male
Hamsini,Female
Titir,Male
Suniti,Female
Goerge,Male
Hetal,Female
Utpalakshi,Female
Pramila,Female
Surajit,Male
Lingammal,Female
Devahuti,Female
Vadiraj,Male
Aditri,Female
Kairavi,Female
Charuprabha,Female
Bhagwant,Male
Lambodar,Male
Pavani,Female
Pavak,Male
Marisa,Female
Mrinali,Female
Kailashchandra,Male
Kanakabati,Female
Sudeep,Male
Kanwalkishore,Male
Induprabha,Female
Sahaj,Male
Champamalini,Female
Nishith,Male
Gnanamani,Female
Manadha,Female
Mriganayani,Female
Balamani,Female
Rafat,Male
Ekanath,Male
Dwijain,Male
Aran,Male
Purnanada,Male
Shattesh,Male
Jitendra,Male
Kunja,Male
Rupashi,Female
Kalpita,Female
Antini,Female
Raksha,Male
Vasant,Male
Fawiza,Female
Kamalapathi,Male
Sarthak,Male
Aadi,Male
Niyati,Female
Manishankar,Male
Abdul-Haafiz,Male
Abhithi,Female
Keyur,Male
Manasi,Male
Arivarasu,Male
Smita,Female
Prabha,Female
Garry,Male
Kanchan,Male
Sunandini,Female
Kushal,Male
Ammar,Male
Shabari,Female
Havish,Male
Anjasa,Male
Virata,Female
Suchandra,Female
Sejal,Female
Jayad,Male
Jeevan,Male
Mangala,Female
Edhas,Male
Kamod,Male
Charuvardhana,Male
Dheemant,Male
Chittaranjan,Male
Kartik,Male
Punita,Female
Prasiddhi,Male
Karishma,Female
Sumedh,Male
Sitara,Female
Samgram,Male
Grihith,Male
Jabbar,Male
Darshan,Male
Naseen,Female
Ruksana,Female
Viswajit,Male
Devika,Female
Shardul,Male
Anbu,Male
Oppilan,Male
Agriya,Male
Zamir,Male
Heera,Female
Bhajan,Male
Kalpini,Female
Aaheli,Female
Narois,Female
Naini,Female
Lingamoorthy,Male
Aayushi,Female
Vyasa,Male
Omprakash,Male
Piyush,Male
Rajkumari,Female
Shankhamala,Female
"Arati, Aaarti",Female
"Ethaha, Etasha",Female
Aathmika,Female
Parameshwar,Male
Gunalan,Male
Sandeepan,Male
Mohan,Male
Vipra,Male
Pankaja,Female
Gandhik,Male
Yaduraj,Male
Bhargyaraj,Male
Kesar,Female
Phanindra,Male
Dinanath,Male
Ekram,Male
Nandan,Male
Faaris,Male
Om,Male
Keerthi,Female
Jayendra,Male
Amritkala,Female
Trayi,Female
Vaijayi,Male
Bhavya,Female
Kaustubh,Male
Yaksha,Female
Chetan,Male
Eila,Female
Devaraj,Male
Danish,Male
Yuthika,Female
Karna,Male
Juily,Female
Naotau,Male
Mythilli,Female
Vardhaman,Male
Pinaki,Male
Shravani,Female
Ruchir,Male
Veni,Male
Pradeepta,Female
Ravishu,Male
Chandrakanta,Male
Padmagriha,Female
Ekaparana,Female
Aaloka,Female
Chandrabhan,Male
Shatrujit,Male
Sampat,Male
Mrigendra,Male
Varuni,Female
Ved,Male
Shrivatsa,Male
"Anup, Anoop",Male
Manjubala,Female
Panini,Male
Chaman,Male
Jharna,Female
Mekhal,Male
Komala,Female
Taksheel,Male
Hradha,Female
Ritkriti,Female
Kshirin,Female
Jagadish,Male
Suchita,Female
Yayin,Male
Sita,Female
Sukriti,Female
Yatindra,Male
Ambika,Female
Nitin,Male
Reva,Female
Sajala,Female
Gandira,Male
Kundini,Female
Abhimani,Male
Atiya,Male
Sindhu,Female
Pravallika,Female
Amarta,Female
Gautam,Male
Umashankar,Male
Gita,Female
Dakshata,Female
Tvarita,Female
Sudeshna,Female
Deeptanshu,Male
Sabeena,Female
Shyamalima,Female
Suchitra,Female
Jihan,Male
Shriranga,Male
Pratik,Male
Motilal,Male
Mahijuba,Female
Dilawar,Male
Maharath,Male
Kedarnath,Male
Madhavilata,Female
Buddhadeva,Male
Devadas,Male
Nihar,Male
Oditi,Female
Parakram,Male
Hansini,Female
Sanika,Female
Shikhar,Male
Smaran,Male
Devasree,Female
Jaitra,Male
Upasana,Female
Mehdi,Male
Pahal,Female
Rakesh,Male
Har,Male
Shreyash,Male
Tanmayi,Female
Giva,Female
Pavana,Female
Vachan,Male
Shefalika,Female
Medhya,Female
Jhinuk,Female
Nirmit,Male
Paramita,Female
Satyavan,Male
Juana,Female
Najma,Female
Mayur,Male
Parinita,Female
Anulekha,Female
Atma,Male
Suman,Male
Ilavarasan,Male
Punyabrata,Male
Abhrakasin,Male
Jashan,Male
Rajani,Female
Murugan,Male
Pathin,Male
Elampirai,Female
Vatsala,Female
Fravash,Male
Azzam,Male
Chanchal,Male
Tusharkanti,Male
Maalai,Female
Dheeman,Male
Shams,Male
Kandavel,Male
Arivalagan,Male
Kaushika,Female
Shivlal,Male
Som,Male
Dhyana,Male
Shashirekha,Female
Abhayananda,Male
Faria,Female
Trilok,Male
Nipa,Female
Shri,Female
Krupa,Female
Jagath,Male
Lingam,Male
Premendra,Male
Vinayak,Male
Kshanaprabha,Female
Manavi,Female
Adalarasu,Male
Bajrang,Male
Tejeshwar,Male
Amrita,Female
Malarvili,Female
Dalapathi,Male
Dalajit,Male
Baruna,Female
Shrigopal,Male
Rituparan,Male
Urmika,Female
Kiya,Female
Intekhab,Male
Chitramala,Female
Keya,Female
Kshaunish,Male
Kurangi,Female
Tathagata,Male
Razak,Male
Shakib,Male
Mayil,Female
Lakshin,Male
Avanija,Female
Anuj,Male
Palanivel,Male
Trariti,Female
Ashu,Male
Manth,Male
Shivangi,Female
Jyotsana,Female
Sitakanta,Male
Rhea,Female
Umapati,Male
"Sharad, Sarat",Male
Supriya,Female
Kunsh,Male
Rajendrakumar,Male
Jyran,Male
Tannishtha,Female
Subhash,Male
Eta,Female
Uditi,Female
"Apurva, Apoorva",Male
Vaijayanti,Female
Nikki,Female
Mubarak,Male
Rajahansa,Female
Rochi,Female
Abdul-Khaaliq,Male
Kvanh,Male
Anita,Female
Krittika,Female
Faisal,Male
Dakshi,Male
Manaar,Male
Shyama,Female
Vasudev,Male
Mitul,Male
"Umanant, Umakant",Male
Padman,Male
Kabir,Male
Jishnu,Male
Pyarelal,Male
Madhur,Female
Nikhil,Male
Sudipti,Female
Lakshmidhar,Male
Devamayi,Female
Pavani,Male
Pusti,Female
Tulasi,Female
Waahid,Male
Manik,Male
Nishant,Male
"Sukant, Sukanta",Male
Haima,Female
Gourangi,Female
Chaitan,Male
Kanchi,Female
Surya,Male
Swapan,Male
Thevan,Male
Sharan,Male
Harinaksh,Male
Gina,Female
Giinni,Female
Kevalkumar,Male
Mohin,Male
Neelotpal,Male
Likhitha,Female
Anshuman,Male
Shabana,Female
Nakti,Female
Shridula,Female
Atmaja,Male
Dattatreya,Male
Sual,Male
Anjuman,Male
Miraya,Female
Shameena,Female
Sonam,Female
Ramani,Female
Bishanpal,Male
Devaj,Male
Arivuchelvan,Male
Chandana,Female
Yajnarup,Male
Abhyudaya,Male
Vibhishan,Male
Champa,Female
Manditha,Female
Tuhin,Male
Gitanjali,Female
Prabhav,Male
Aamani,Female
Mohamad,Male
Tanuj,Male
Manjeet,Male
Swapna,Female
Champika,Female
Mita,Female
Pradyumna,Male
Saravanan,Male
Aadhaya,Female
Isai,Female
Amita,Female
Girilal,Male
Zuleika,Female
Madhumay,Male
Pujit,Male
Yugma,Male
Ullalagi,Female
Druthi,Female
Ballari,Female
Ayog,Male
Saquib,Male
Saras,Male
Krishnakali,Female
Laranya,Female
Nadir,Male
Aruni,Female
Chitresh,Male
Fadl,Male
"Valmiki, Valmik",Male
Meghana,Female
Lakshmishree,Female
Jaiwant,Male
Dharmveer,Male
Shanta,Female
Saruchi,Female
Triguna,Female
Yadav,Male
Sahila,Female
Hamid,Male
Aashita,Female
Gunayukth,Male
Shalini,Female
Wamil,Female
Sanam,Male
Agniprava,Male
Nrupadh,Male
"Alaka, Alka",Female
Chanchal,Female
Uthami,Female
Divyanga,Male
Anamitra,Male
Hemachandra,Male
Faraz,Male
Lona,Female
Hemendu,Male
Pushkar,Male
Deepta,Female
Wajeeha,Female
Dakshakanya,Female
Bhavika,Female
Dakshesh,Male
Vipasa,Female
Pritikana,Female
Vallabh,Male
Yudhisthir,Male
Kanishta,Male
Anisa,Male
Ambarish,Male
Tvisha,Female
Priyanka,Female
Taha,Male
Nidhi,Female
Jyothi,Female
Binata,Female
Sangupt,Male
Poojit,Male
Himmat,Male
Prajin,Male
Fulki,Female
Nirmal,Male
Paramananda,Male
Damayanti,Female
Muthu,Male
Daman,Male
Abdullah,Male
Adwiteya,Female
Ilango,Male
Toshan,Male
Vibha,Female
Adityanandana,Male
Japesh,Male
Avikshit,Male
Karan,Male
Bhooshit,Male
Tusya,Male
Shyla,Female
Prasham,Male
Haniya,Female
Kuhuk,Female
Ritsika,Female
Vidyut,Female
Hans,Male
Abhijaya,Male
Unmesh,Male
Aashika,Female
Premala,Female
Orman,Male
Amalesh,Male
Sunitha,Female
Chandak,Male
Kanta,Female
Iniya,Female
Narendra,Male
Bipin,Male
Nambi,Male
Talaketu,Male
Arpana,Female
Ryka,Female
Aloke,Male
Aslesha,Female
Ilancheliyan,Male
Nayantara,Female
Ruchita,Female
Turanyu,Male
Trishanku,Male
Jyotika,Female
Gandha,Female
Dakshayani,Female
Vari,Female
Parnad,Male
Ramith,Male
Manoj,Male
Nalin,Male
Natwar,Male
Suneeti,Female
Kutraalan,Male
Bharadwaj,Male
Kumuda,Female
Yukta,Male
Jatya,Male
Arjit,Male
Mahadev,Male
Daarun,Male
Anmol,Male
Kuntal,Female
Aja,Male
Harith,Male
Samyama,Female
Bhanumati,Female
Poonish,Male
Udar,Male
Anish,Male
Seerat,Female
Chandraprakash,Male
Rizvan,Male
Sasmita,Female
Poorbi,Female
Navalan,Male
Mukesh,Male
Abhishek,Male
Satya,Female
Kartar,Male
Chandravathi,Female
Qays,Male
Kamalika,Female
Pyas,Female
Madhulla,Female
Vir,Male
Tamonash,Male
Hiya,Female
Kundanika,Female
Advika,Female
Nishikanta,Male
Urjita,Male
Anandi,Female
Manajith,Male
Amalendu,Male
Tulsidas,Male
Nirmala,Female
Neelkamal,Female
Pankhadi,Female
Anarghya,Male
Amal,Male
Poorna,Male
Layak,Male
Satha,Female
Vikesh,Male
Kamana,Female
Purvi,Female
Vivek,Male
Mandakini,Female
Gagandeep,Male
Sammathi,Female
Sushruta,Male
Uttiya,Male
Bhagat,Male
Deeptiman,Male
Indrayani,Female
Suhail,Male
Dyumani,Male
Maitra,Female
Palak,Male
Sulekh,Female
Nirajit,Male
Maitreya,Female
Wasan,Male
Dharani,Female
Tusti,Female
Devamadana,Male
Ompati,Male
Pavan,Male
Bairavi,Female
Manohari,Female
Shrinivas,Male
Vishwesh,Male
Umanand,Male
Gulal,Female
Kanjari,Female
Nandita,Female
Huthayfa,Male
Azeez,Male
Lalasa,Female
Nitara,Female
Shiuli,Female
Manini,Female
Banhishikha,Female
Lola,Female
Soumyakanti,Male
Niranjana,Female
Subhagya,Female
Tejaswini,Female
Swapnali,Female
Divyana,Female
Karunamayi,Female
Samata,Female
Purnima,Female
Pankajadharini,Female
Nakshatra,Male
"Urmila, Urmil",Female
Sashreek,Male
Tabassum,Female
Nripesh,Male
Suvan,Male
Muwafaq,Male
Shriyans,Male
Gagan,Male
Bahuratna,Female
Mandan,Male
Dhanapriya,Female
Bharati,Female
Senmal,Male
Gudakesha,Male
Magan,Male
Sarvika,Female
Kasni,Female
Palaksi,Female
Vyom,Male
Sampatti,Female
Prabodh,Male
Wuar,Male
Gowri,Female
Tejashree,Female
Arindam,Male
Ramkrishna,Male
Jayita,Female
Saaras,Male
Girindra,Male
Satyarupa,Female
Sangita,Female
Suresh,Male
Kirik,Male
Sacchidananda,Male
Sarasija,Male
Jetashri,Female
Hiranya,Male
Alaknanda,Female
Draupadi,Female
Rasika,Female
Jashun,Male
Namana,Female
Shreya,Female
Haashim,Male
Kuvalai,Female
Ojeeta,Female
Subrata,Male
Kausar,Male
Kamali,Female
Baalaark,Male
"Simrit, Smrita",Female
Bandhini,Female
Pramod,Male
Amodini,Female
Kanyana,Female
Pushpak,Male
Zulfikar,Male
Amoha,Male
Dharmanand,Male
Ruhi,Female
Rupika,Female
Ekapad,Male
Nauhar,Male
Anathi,Female
Haatim,Male
Manasvi,Female
Karunakar,Male
Nikhita,Female
Prabuddha,Male
Zaina,Female
Ehimay,Male
Salaman,Male
Santayani,Female
Moti,Male
Mallesh,Male
Parasmani,Male
Thangam,Male
Padmashri,Female
Sanchaya,Female
Sadaf,Female
Yuyutsu,Male
Kuvira,Female
Aradhana,Female
Sahdev,Male
Haani,Male
Rupa,Female
Devadhipa,Male
Devan,Male
Bibhas,Male
Shalaka,Female
Manjistha,Female
Keerthana,Female
Vibhat,Male
Babitha,Female
Bankim,Male
Nalina,Female
Revati,Female
Trishala,Female
Akshar,Male
Vishala,Female
Prashanta,Male
Indrakanta,Male
Tanav,Male
Jagan,Male
Sakhi,Female
Ratnangi,Female
Akshita,Female
ThenMoli,Female
Safia,Female
Iyla,Female
Sultan,Male
Bhuvana,Female
Eshani,Female
Anshula,Female
Malina,Female
Swasti,Female
Gourishankar,Male
Jaipal,Male
Khajit,Male
Lochan,Female
Amani,Female
Sukumari,Female
Barun,Male
Nairit,Male
Anuprabha,Female
Dhanvant,Male
Aditya,Male
Gulika,Female
Hanan,Male
Tanvir,Male
Haaroon,Male
Triya,Female
Santosh,Male
Sambaran,Male
Pratitha,Female
Gayanthika,Female
Vilina,Female
Ashna,Female
Deepashikha,Female
Oorja,Female
Anuragini,Female
Markandeya,Male
Chaman,Female
Shefali,Female
Dharmaditya,Male
Smriti,Female
Puru,Male
Kusum,Female
Chaitaly,Female
Ilisha,Female
Ottakoothan,Male
Jeevika,Female
Eesha,Female
Gajanan,Male
Dhiraj,Male
Sanjivan,Male
Fadheela,Female
Hridaynath,Male
Janav,Male
Shashishekhar,Male
Udyan,Male
Sukthi,Female
Dwipavati,Female
Netra,Female
Trilochana,Female
Pranita,Female
Rohitasva,Male
Kamalkali,Female
Nirbhay,Male
Omeshwar,Male
Madan,Male
Shraddha,Female
Dwijesh,Male
Pyaremohan,Male
Nabendu,Male
Trambak,Male
Kundan,Female
Pujesh,Male
Vidyasagar,Male
Madhuksara,Female
Suvarnarekha,Female
Wali,Male
Vishnumaya,Female
Harshika,Female
Harshaman,Male
Keva,Female
Pukhraj,Male
Mangai,Female
Padmanabha,Male
Hasita,Female
Kiran,Female
Charumati,Female
Nirad,Male
Jakarious,Male
Lajjawati,Female
Antara,Female
Dayashankar,Male
Qudamah,Male
Sudeepa,Female
Rajendramohan,Male
Niket,Male
Kayalvili,Female
Gokul,Male
Suvimal,Male
Savitri,Female
Nithik,Male
Raji,Female
"Bhavana, Bhavna",Female
Basavaraj,Male
Sulalita,Female
Minati,Female
Kavi,Male
Shashimohan,Male
Madhumita,Female
Prachur,Male
Bahuleya,Male
Chandalini,Female
Dharmachandra,Male
Induleksh,Female
Harishchandra,Male
Kamran,Male
Umaprasad,Male
Nayan,Male
Ojas,Male
Ragini,Female
Irfan,Male
Taruntapan,Male
Dharmendra,Male
Mehal,Female
Vikram,Male
Talikha,Female
Komal,Female
Kshirja,Female
Rudra,Male
Qutub,Male
Kuldeep,Male
Koormadhi,Male
Shakuntala,Female
Devalekha,Female
Saurabh,Male
Vedprakash,Male
Ishit,Male
Mutholi,Female
Dharanidhar,Male
Vela,Female
Ekambar,Male
Kavita,Female
Rajyeshwar,Male
Sevak,Male
Kundanlal,Male
Darshana,Female
Sengannan,Male
Alabhya,Male
Raghuram,Male
Suranjana,Female
Vidyadhar,Male
Chandrakishore,Male
Sumantra,Male
Arshia,Female
Dhanya,Female
Jagad,Male
Dyuti,Female
Farid,Male
Bhadranidhi,Male
Chaanakya,Male
Ishika,Female
Vibhore,Male
Rolee,Female
Ulhas,Male
Asavari,Female
Palashranjan,Male
"Durva, Durba",Female
Bhaumik,Male
Menaka,Female
Egaiarasu,Male
Lokajit,Male
Glen,Male
SivaSankari,Female
Mukul,Male
Dyutit,Male
Navneeta,Female
Snehanshn,Male
"Amitabha, Amitav",Male
Thangavel,Male
Gajendra,Male
Krishnala,Male
Vidyadhara,Male
Prithu,Male
Sragvibhushan,Male
Madhuja,Female
Samanvaya,Male
Baruni,Female
Aamrapali,Female
Nanda,Female
Gandharika,Female
Chitral,Male
Tilak,Male
Hakesh,Male
Manmohan,Male
Saheli,Female
Vinutha,Female
Bhagyanandana,Male
Roshan,Male
Keshika,Female
Sawini,Female
Ranvitha,Female
Aijaz,Male
Vama,Female
Indumati,Female
Rusham,Female
Mahavir,Male
Hariram,Male
Vishaya,Female
Aabha,Female
Anshumat,Male
Jaisukh,Male
Shekhar,Female
Ramita,Female
Hema,Female
Anamika,Female
Devadatta,Male
Chittesh,Male
Stavita,Female
Sameena,Female
Sachin,Male
Jagannath,Male
Annapurna,Female
Indratha,Female
Adit,Male
Chiranjeev,Male
Badri,Male
Saral,Male
Dheivamani,Male
Hridayanand,Male
"Vijendra, Vijanyendra",Male
Girija,Female
Krishanu,Male
Adrisa,Female
Deepit,Male
Poshika,Female
Ahladitha,Female
Jigya,Female
Chitragupta,Male
Padmakali,Female
Ketki,Female
Ishwari,Female
Shaktidhar,Male
Janak,Male
Praveena,Female
Krishnadeva,Male
Sarat,Male
Yuvaraani,Female
Lukesh,Male
Jeevankala,Female
Naima,Female
Samarendu,Male
Agendra,Male
Jagesh,Male
Dhikshit,Male
Naadir,Male
Suvarnmala,Female
Kunjal,Female
Taj,Male
Deeptimoyee,Female
Harkrishna,Male
Grahish,Male
Sadaiappan,Male
Navita,Female
Matangi,Female
Sameen,Male
"Aseem, Ashim",Male
Ishya,Female
Khyath,Female
Vishnu,Male
Anjalika,Female
Yashodhara,Male
Lata,Female
Neha,Female
Rasik,Male
Gurmeet,Male
Kalipada,Male
Venu,Male
Dhatri,Female
Nabhanyu,Male
Abhimanyusuta,Male
Naamagal,Female
Megha,Female
Talleen,Male
Pallavini,Female
Omar,Male
Vidhi,Female
Rochan,Male
Arshad,Male
Samarth,Male
Atmaja,Female
Aesha,Female
Mithun,Male
Ekavali,Female
Brijmohan,Male
Deepa,Female
Mannith,Male
Deepti,Female
Aapti,Female
Kusumakar,Male
Vengai,Male
Lipika,Female
Hashmat,Male
Yash,Male
Naishada,Female
Oni,Male
Meru,Male
Ilamparidhi,Male
Japendra,Male
Lakshmibanta,Male
Vinay,Male
Jalad,Male
Upamanyu,Male
Bansari,Female
Gira,Female
Rani,Female
Gandhi,Male
Viral,Male
Rabia,Female
Swarupa,Female
Udipti,Female
Raveena,Female
Devendra,Male
Vilok,Male
Ila,Female
Chandratara,Female
Mahanidhi,Male
Nischith,Male
Kalicharan,Male
Tarachand,Male
Chandanika,Female
Khazana,Male
Kathith,Male
Ilaiyavan,Male
Avkash,Male
Katran,Male
Nishita,Male
Khadim,Male
Nabha,Female
Anay,Male
Ratnavali,Female
Adi-Shakti,Female
Srujana,Female
Pushpita,Female
Raghu,Male
Niral,Female
Kirtana,Female
Samrithi,Female
Yashwant,Male
Gadin,Male
Surama,Female
Mahmud,Male
Nami,Female
Saunak,Male
Rahas,Male
Pranit,Male
Acaryatanaya,Male
Aamaal,Female
Nityananda,Male
Baridbaran,Male
Yuktha,Female
Waheeda,Female
Rutva,Male
Bindumathi,Female
Vritti,Female
Chandrachur,Male
Acarya,Male
Angarika,Female
Snehin,Male
Bratindra,Male
Ayushman,Male
Imtiaz,Male
Sanchita,Female
Aahna,Female
Yajna,Female
Chinnadurai,Male
Neelmani,Male
Hemendra,Male
Salma,Female
Mrudani,Female
Chandrabali,Female
Raheem,Male
Avanindra,Male
Pashupriya,Female
Chitrabhanu,Male
Neelakshi,Female
Gurdeep,Male
Sadhana,Female
Yogita,Female
Meena,Female
Bhargavi,Female
Darpan,Male
Bhagwanti,Female
Manavendra,Male
Adwita,Female
Subhan,Male
Zahra,Female
Sucheta,Female
Videsh,Male
Gangesh,Male
Deepika,Female
Mehul,Male
Devnath,Male
Mukul,Female
Aashay,Male
Koyel,Female
Anil,Male
Kashyap,Male
Harsha Vardhini,Female
Tarik,Male
Megha,Male
Sachit,Male
Bhadrang,Male
Ashok,Male
Tilaka,Female
Somansh,Male
Ritvik,Male
Divyendu,Male
Chaaruhaas,Male
Huda,Male
Cholan,Male
Ninad,Male
Brahamjeet,Male
Chakor,Male
Mrinmayi,Female
Shachin,Male
Banani,Female
Naviya,Female
Zaafira,Female
Madhav,Male
Dwijaraj,Male
Vagdevi,Female
Sabita,Female
Ishi,Female
Ilamporai,Male
Ayushi,Female
Sundari,Female
Manjyot,Female
Lakhi,Female
Phenil,Male
Prachi,Female
Mohul,Male
Poornakamala,Female
Sukhamay,Male
Arokya,Male
Siddharth,Male
Chiti,Female
Hrithik,Male
Sundha,Female
Pinakini,Female
Shevantilal,Male
Fanishwar,Male
Oma,Male
Oparna,Female
Ilakkiya,Female
Kaunteya,Male
Shankha,Male
Gopa,Female
Kavan,Male
Vilas,Male
Rajanya,Male
Zakiy,Male
Kaaliya,Male
Garima,Female
Tapasendra,Male
Shambhavi,Female
Milind,Male
Sadiqua,Female
Mandith,Male
Devamati,Female
Harjeet,Male
Pavitra,Male
Utkarsha,Male
Ghalib,Male
Inayat,Female
Namita,Female
Manonith,Male
Abhiraj,Male
Hariganga,Female
Manjira,Female
Mudrika,Female
Parashar,Male
Arav,Male
Harshitha,Female
Nalini,Female
Odathi,Female
Soumya,Female
Sunayana,Female
Jagadishwara,Male
Rishika,Female
Geena,Female
Esha,Female
Quamar,Male
Apsara,Female
Sarada,Female
Chaitali,Female
Rasul,Male
Bahumanya,Male
Haresh,Male
Kiranmay,Male
Sevati,Female
Jehannaz,Female
Achintya,Male
Vrajakishore,Male
Manjulika,Female
Harikanth,Male
Narayani,Female
Parantapa,Male
Purva,Female
Brahmabrata,Male
Shailendra,Male
Suhrita,Female
Shilpa,Female
Manjushri,Female
Ashis,Female
Keshav,Male
Renuka,Female
Shama,Female
Shariq,Male
Padmakshi,Female
Abdul-Haseeb,Male
Ramanuja,Male
Mandeep,Male
Mohini,Female
Indumukhi,Female
Urmi,Female
Faatina,Female
Snehalata,Female
Haritbaran,Male
Sheetal,Male
Kanishka,Male
Wamika,Female
Pransukh,Male
Chaaruchandra,Male
Priyasha,Female
Vrajamohan,Male
Pranauthi,Female
Meghnad,Male
Izhar,Male
Nabhas,Male
Mohajit,Male
Sarasi,Female
Ashwini,Female
Umika,Female
Dhanajit,Male
Sudhanshu,Male
Sourish,Male
Sukumar,Male
Vihaan,Male
Radhana,Female
"Simran, Smaram",Female
Hansa,Female
Utpala,Female
Kiran,Male
Naathim,Male
Abhinava,Male
Shagufta,Female
Dhanraj,Male
Jaafar,Male
Vatsa,Male
Yamajith,Male
Manaal,Male
Prabhada,Female
Paavai,Female
Lokranjan,Male
Vaidyanaath,Male
Chhabi,Female
Nitima,Female
Fahad,Male
Adityavardhana,Male
Manvik,Male
Punyasloka,Male
Chitrani,Female
Meghdutt,Male
Paramhansa,Male
Bitasok,Male
Snigdha,Female
Puja,Female
Bandhul,Male
Neeti,Female
Niraj,Male
Chemmal,Male
Punarnava,Female
Naina,Female
Bikram,Male
Anugya,Male
Dhritiman,Male
Takshak,Male
Balachandrav,Male
Triparna,Female
Tanaya,Female
Nishi,Female
Kanchana,Female
Baijayanthi,Female
Devajyoti,Male
Narahari,Male
Udiramalara,Female
Jinendra,Male
Rohana,Female
Debanshi,Female
Shubhashis,Male
Suhitha,Female
Hasumati,Female
Champakmala,Female
Tejomay,Male
Sudhi,Male
Manish,Male
Maina,Female
Madanapal,Male
Vanhi,Female
Achala,Female
Vibhu,Male
Cyril,Male
Indrasuta,Male
Pramiti,Female
Manikuntala,Female
Nabhomani,Male
Nakshatra,Female
Rajata,Female
Mallikarjuna,Male
Pritilata,Female
Sagari,Female
Navadurga,Female
Wajid,Male
Muthunagai,Female
Pravar,Male
Abhyagni,Male
Rukma,Female
Kapalini,Female
Ishrat,Male
Vipula,Female
Vipul,Male
Rajnish,Male
Tehzeeb,Female
Subhashini,Female
Mustafa,Male
Pallav,Male
Swarnalata,Female
Sujay,Male
Vibhuti,Female
Ekadhana,Female
Someshwar,Male
Devang,Male
Hammad,Male
Shivshankar,Male
Pravir,Male
Panduranga,Male
Gulzarilal,Male
Chandrakirthi,Male
Bhavini,Female
Triguni,Female
Deeptendu,Male
Martanda,Male
Ranhitha,Female
Anjum,Male
Satyaprakash,Male
Hurditya,Male
Purvaja,Female
Tula,Male
Jayitri,Female
Natkuna,Female
Nagaraj,Male
Madhumalati,Female
Jayaprakash,Male
Manali,Female
Ulka,Female
Tautik,Male
Yajat,Male
Pankti,Female
Sannidhi,Female
Devesh,Male
Teesta,Female
"Manisha, Mohisha",Female
Adwaya,Male
Hemangi,Female
Damini,Female
Abhinanda,Male
Archit,Male
Jagjeevan,Male
Shrestha,Female
Kaveri,Female
Acanda,Male
Chetana,Female
Subash,Male
Sur,Male
Nabhoj,Male
Vineeta,Female
Purandar,Male
Nilima,Female
Lalan,Female
Nripa,Male
Vaanadhi,Female
Yuvati,Female
Madhuk,Male
Neeta,Female
Kuval,Male
Trigun,Male
Danuj,Male
Panchali,Female
Sudhith,Male
Narayan,Male
Naganika,Female
Poonam,Female
Shuddhashil,Male
Pulin,Male
Parvatinandan,Male
Dev,Male
Sharadini,Female
Vishalakshi,Female
Sandhya,Female
Yadukumara,Male
Maruti,Male
Chirayu,Male
Madhurima,Female
Sharadindu,Male
Shuchismita,Female
Aishani,Female
Adishree,Female
Gangika,Female
Malarvendan,Male
Swatantar,Male
Diti,Female
Zaafir,Male
Dayita,Female
Kalandhika,Female
Ratnalekha,Female
Thayanban,Male
Vibhas,Male
Siddhima,Female
Naman,Male
Rupeshwari,Female
Yaalini,Female
Haleema,Female
Phiroza,Female
Gurpraveen,Female
Fakhry,Male
Chandrakiran,Male
Vishram,Male
Laalamani,Female
Ramkishore,Male
Paresh,Male
Shrikanta,Male
Mrigankasekhar,Male
Yaduvir,Male
Harshad,Male
Gayatri,Female
Megh,Male
Amlankusum,Male
Iri,Male
Vanshika,Female
Japan,Male
Zannat,Female
Yaalisai,Female
Gayana,Female
Marut,Male
Kantilal,Male
Faiyaz,Male
Omkarnath,Male
Vanalakshmi,Female
Milika,Female
Ranajay,Male
Yogesh,Male
Hasmukh,Male
Mujeeb,Male
Jyotsna,Female
Srujanika,Female
Ishani,Female
Ellu,Male
Madira,Female
Pooja,Female
Shantashil,Male
Saipraasad,Male
Radhika,Female
Srivas,Male
Nathan,Male
Srinika,Female
Shahid,Male
Avatar,Male
Harihar,Male
Abhidha,Female
Manjunath,Male
Nivritti,Female
Ekachith,Male
Idaspati,Male
Vrishin,Male
Gangol,Male
Rajendra,Male
Maagh,Male
Anula,Female
Bhojaraja,Male
Drupad,Male
"Aftab,Aftaab",Male
Raman,Male
"Amrit, Amrik",Male
Hritish,Male
Kusumesh,Male
Menmoli,Female
Sphatika,Female
Rijul,Male
Shalmali,Female
Nathin,Male
Pugal,Male
Saakaar,Male
Utalika,Female
Swati,Female
Muni,Male
Drishya,Female
Sitikantha,Male
Parveen,Female
Vedavathi,Female
Raghunandan,Male
Shravankumar,Male
Marichi,Female
Vikramajit,Male
Satyavrata,Male
Iha,Female
Rohan,Male
Krishnaroop,Male
Ajamil,Male
Vanhishikha,Female
Amanath,Male
Omaja,Female
Prasun,Male
Gul,Female
Samarendra,Male
Ghanendra,Male
Abhijna,Female
Venkataraman,Male
Xena,Female
Yuvaraj,Male
Bipasha,Female
Timir,Male
Gurumurthi,Male
Suhag,Female
Kshitija,Female
Krishna,Female
Nagesh,Male
Vedmohan,Male
Tanuka,Female
Thumri,Female
Tripta,Female
Lingan,Male
Prbhavati,Female
Lajita,Female
Rubaina,Female
Aashish,Male
Pavitra,Female
Sudarshana,Female
Shyamangi,Female
Deepana,Female
Kaishori,Female
Aashirya,Female
Gulzar,Male
Prakriti,Male
Sujan,Male
Pavanaj,Male
Parni,Female
Saguna,Female
Hanuman,Male
Jamadagni,Male
Mithilesh,Male
Abhilasa,Female
Akash,Male
Udayachal,Male
Kalakarni,Female
Surendra,Male
Palani,Male
Ibhya,Male
Sanchay,Male
Acaryasuta,Male
Rathika,Female
Mirium,Female
Kamakya,Female
Prabhu,Male
Lavangi,Female
Thogai,Female
Dhyanesh,Male
Madhula,Female
Mahipal,Male
Mamraj,Male
Chahat,Female
Kodhai,Female
Gyanada,Female
Nabhi,Male
Govindi,Female
Amogh,Male
Chandrika,Female
Vijayalaksmi,Female
Shashidhar,Male
"Ashwin, Asvin",Male
Zeeshan,Male
Mahaniya,Male
Yuvika,Female
Deveshwar,Male
Subinay,Male
Niramay,Male
Samhita,Female
Devachandra,Male
Mohit,Male
Sudesh,Male
Dhansukh,Male
Onella,Female
Rajdulari,Male
Urshita,Female
Vishal,Male
Ekavir,Male
Hasanthi,Female
Thangarajan,Male
Suketu,Male
Jerusha,Female
Usra,Female
Lagan,Male
Abhimand,Male
Anavi,Female
Milan,Male
Saanvi,Female
Kamaraja,Male
Pitambar,Male
Mahalakshmi,Female
Vallabhendra,Male
Nirav,Male
"Omrao, Umrao",Male
Jagadbandu,Male
Urna,Female
Mandhatri,Male
Amitbikram,Male
Nidhipa,Female
Raja,Male
Rukmini,Female
Fullara,Female
Akshath,Male
Shadab,Male
Gurpreet,Male
Swarnima,Female
Indu,Female
Rituparna,Female
Siddhartha,Male
Chakradev,Male
Induhasan,Male
Gopichand,Male
Ujagar,Male
Nishok,Male
Aakash,Male
Kevalkishore,Male
Amod,Male
Hasina,Female
Viveka,Female
Bhagyalakshmi,Female
Kareem,Male
Dwaipayan,Male
Gagana,Female
Loknath,Male
Paras,Male
Abhidi,Male
Vasanti,Female
Kantimoy,Male
Vedi,Female
Shobha,Female
Charusheela,Female
Suprabha,Female
Dishita,Female
Laasya,Female
Uttal,Male
Charulata,Female
Paadini,Female
Suloch,Female
Arulchelvan,Male
Hansika,Female
Sushil,Male
Dhanesh,Male
Mayanka,Male
Manasyu,Male
Archa,Female
Trivid,Male
Nisita,Female
Abhivira,Male
Akroor,Male
Ekakshara,Male
Valli,Female
Omala,Female
Husna,Female
Jaibhusana,Male
Yashpal,Male
Sandeep,Male
Deeba,Female
Kamika,Female
Maitreya,Male
Champabati,Female
Shariba,Female
Kerani,Female
Kakoli,Female
Lakshita,Female
Cole,Male
Olikodi,Female
Radhak,Male
Dulari,Female
Subal,Male
Uddhar,Male
Vaagai,Female
Upendra,Male
Dilshad,Female
Raghuvir,Male
Ardhendu,Male
Binal,Female
Gaganjyot,Male
Mallika,Female
Trinayani,Female
Sharmila,Female
Padmapati,Male
Ganaka,Male
Bhairavi,Female
Samiran,Male
Sikta,Female
Chirtrang,Male
Dhananjay,Male
Rupashri,Female
Ishayu,Male
Sushila,Female
Chamanlal,Male
Mahir,Male
Bakul,Female
Somdev,Male
Uddhav,Male
Indukala,Female
Indratan,Male
Swagata,Female
Qaisar,Male
Indrani,Female
Dharmpal,Male
Fareed,Male
Bhakti,Female
Tanushri,Female
Nagina,Female
Ish,Male
Senthamarai,Male
Samantha,Male
Omisha,Female
VeeraSundari,Female
Sanjana,Female
Guruprasad,Male
Rajivini,Female
Rajasi,Female
Eshwar,Male
Gathika,Female
Yadva,Female
Suryabhan,Male
Gajrup,Male
Peeyush,Male
Inika,Female
"Bela, Beli",Female
Praver,Male
Chaitra,Female
Nishtha,Female
Devarya,Male
Prasad,Male
Chidananda,Male
Salena,Female
Sujash,Male
Manjusha,Female
Chandrabhaga,Female
Mainak,Male
Salarjung,Male
Arivoli,Male
Geeti,Female
Shobhana,Female
Hiranmayi,Female
